query,intent
안녕하세요,0
반가워요,0
헬로우,0
헬로,0
안부 인사드립니다.,0
먼저 인사하려고 했는데 짝남이 먼저 인사해줬어. 더 떨렸겠어요.,0
먼저 인사할까 했는데 짝녀가 먼저 인사해줬어. 기분 좋았겠네요.,0
각자 집에 인사드리러 가 제가 더 떨리네요.,0
이별의 마무리 가벼운 안부 인사일 거예요.,0
용기내서 새해인사 했네 이제 연락하지 마세요.,0
오늘 마지막 인사를 하러가네 미련없길 바랄게요.,0
오늘 마지막 인사하러 갑니다. 미련없이 정리했긴 바랍니다.,0
내 마음에 마지막 인사 마음이랑 잘 인사해요.,0
먼저 잘게 잘자 안녕히 주무세요.,0
진짜 이제 안녕 맘고생 많았어요.,0
잘가 안녕.,0
이제 진짜 안녕!! 안녕!,0
이젠 진짜 진짜 안녕 맘 고생 많았어요.,0
안녕을 고하며 잘 보내주었나요.,0
안녕하세 안녕하세요.,0
안녕하세요,0
반가워요,0
반가반가,0
방가방가,0
하이,0
안녕,0
좋은 아침이야,0
진짜 반갑다,0
요즘 어떻게 지냈어요?,0
잘 지냈습니까?,0
잘지내지?,0
만나서 반가워요,0
만나서 반갑습니다,0
하이루,0
반갑,0
잘지냈어요?,0
잘지냈어?,0
나 먼저 잘게 안녕히 주무세요.,0
안녕히 주무세요.,0
안녕 안녕하세요.,0
안녕안녕 안녕하세요.,0
안녕하세요 안녕하세요.,0
안뇽 안녕하세요.,0
자야겠다. 안녕히 주무세요.,0
이제 그만 잘래 안녕히 주무세요.,0
속시원해~~안녕 잘가~~~ 이제 정말 안녕,0
연락 처음에 어떻게 시작함 안녕 이라고 인사부터 해보세요.,0
연락 어떻게 시작함 안녕 이라고 인사부터 해보세요.,0
이제 거리 어디를 나서나 봄기운을 확연히 느낄 수 있는 계절입니다.,0
밝고 생동감 넘치는 사람들의 표정에서도 어느덧 봄 기운을 느낄 수 있습니다.,0
창문 틈으로 새어들어오는 따스한 햇볕이 온 몸을 훈훈하게 해 주는 따스한 계절 봄입니다.,0
따스한 봄 기운이 겨우내 잔뜩 움츠렸던 어깨를 활짝 펴주는 계절의 여왕 봄입니다.,0
일상의 단조로움을 환하게 밝혀주는 희망의 봄이 찾아왔습니다.,0
거리마다 개나리 등 봄꽃들이 마중나와 환한 웃음을 짓게하는 사랑스런 계절 봄이 왔습니다.,0
버들강아지 곱게 물이 오른 새봄의 기운 느끼시나요?,0
얼어있던 들판을 녹이며 솟아오르는 아리랑이가 잠시 잊고 지냈던 그리움을 느끼게 해 줍니다.,0
골목골목마다 봄 내음 물씬 풍겨오는 향기 가득한 계절 봄입니다.,0
무엇이든 할 수 있을 것 같은 활기차고 희망찬 계절 봄이 왔습니다.,0
반가운 손님처럼 어느새 찾아온 봄이 우리 주변을 향긋한 향기로 물들이고 있습니다.,0
좋은 일만 생길 것 같은 가슴 벅찬 설렘 바로 봄이 우리에게 주는 선물이 아닐까 합니다.,0
파릇파릇 새싹이 고개를 내밀며 인사하는 반가운 봄입니다.,0
계절의 여왕 그야말로 생동하는 희망의 계절 봄이 왔습니다.,0
거리를 노랗게 물들인 개나리와 불그스레 어린 신부의 부끄러움을 닮은 진달래꽃들의 향연이 즐거운 봄입니다.,0
맑은 하늘 아래 파릇파릇 봄기운이 흐르고 들녘마다 아지랑이가 피어나는 생동의 계절 봄입니다.,0
새로운 시작과 도전 꿈과 희망 열정이 떠오르는 계절 봄입니다.,0
겨우내 움츠렸던 꽃망울들이 서로 경쟁하듯 톡톡 터지며 저마다의 향기를 뽐내는 봄입니다.,0
어머니께서 가족들을 위해 쑥국과 냉이국을 끓여내던 따뜻한 추억이 문득 떠오르는 계절입니다.,0
겨우내 앙상했던 산들도 어느덧 피어오른 봄꽃들의 향연으로 눈이 즐거운 계절 봄입니다.,0
만물이 생동하는 봄이 왔습니다만 아직 겨울 끝자락의 매서움이 봄바람에 묻어나는 3월입니다.,0
왠지 좋은 인연을 만날 수 잇을 것 같은 사랑하고 싶은 계절 봄입니다.,0
신록의 푸르름에서 생동감을 느낄 수 있는 완연한 봄이 왔습니다.,0
벚꽃 만발한 거리를 걷다보면 꼭 저에게도 꽃내음이 묻어날 것 같네요.,0
우윳빛 목련꽃이 눈부시게 아름다운 봄입니다.,0
언제 겨울이었냐는 듯이 하루가 다르게 초록으로 변하는 산과 들의 향연에 눈이 즐거운 계절 봄입니다.,0
오늘 문득 올려다 본 하늘이 파란 물감을 풀어놓은 듯 너무 아름다웠습니다. 여러분들도 오늘 하루만이라도 머리를 들어 꼭 하늘을 바라보세요. 깊어진 봄 기운을 한껏 느끼실 수 있을 겁니다.,0
흩날리는 벚꽃이 가슴 설레게 하는 4월입니다.,0
모든 걸 훌훌 털어버리고 사랑하는 사람과 함께 봄 향기 가득한 곳으로 훌쩍 떠나고픈 4월입니다.,0
무르익어 가는 봄 코 끝을 스치는 라일락 향기가 마음까지 설레게 하는 계절입니다.,0
사랑하는 사람들이 생각나는 계절의 여왕 봄의 중심 5월입니다.,0
늘 곁에서 힘이 되어주고 용기를 심어주는 가족의 소중함을 새삼 깨닫게 해 주는 가정의 달 5월입니다.,0
산천에 피어있는 아카시아 꽃향기가 저물어가는 봄을 시위라도 하듯 진동하고 있는 황홀한 계절의 여왕 5월입니다.,0
시간이 참 빠른 것 같습니다. 해맞이 행사로 00년 새해를 맞이한 게 정말 엊그제 같은데 벌써 봄을 지나 여름을 향해 가고 있습니다.,0
산천 초목들의 녹음이 짙어가는 싱그러운 계절이 왔습니다.,0
시원한 바다 거센 파도 눈부신 햇살이 문득 그리운 계절 여름이 다가왔습니다.,0
젊은 열기가 느껴지는 젊음의 계절 여름입니다.,0
아카시아 꽃향기가 코끝을 간지럽히는 향기로운 6월입니다.,0
뜨거운 태양아래 무르익어가는 여름들녁에서 힘찬 생명력을 느낄 수 있습니다.,0
봄기운을 미처 만끽하기도 전에 벌써 본격적인 더위가 찾아왔습니다.,0
갑자기 무더워진 날씨로 혹여나 000님들 몸과 마음이 지치고 힘드시지 않을까 걱정입니다.,0
생명력 넘치는 나뭇잎들과 함께 어느새 높아진 기온이 여름이 성큼 다가온 것 같습니다.,0
무더위를 식히려는 듯 시원한 빗줄기가 마른 대지를 적셔주는 초여름입니다.,0
푸른 초록의 싱그러움에 삶이 더욱 활기차게 느껴지는 초여름날 오후에 ~~~~ 시간을 갖게 되어,0
뜨거운 태양이 작열하는 열정의 계절 여름입니다.,0
조금만 걸어도 땀이 비오듯 내리는 무더위네요. 시원한 물 한 잔이 더없이 고맙게 느껴지는 요즘입니다.,0
학창시절 친구들과 계곡에서 맘껏 뛰어놀던 추억이 떠오르는 7월입니다.,0
지치기 쉬운 폭염을 이겨내기 위해서는 잠시라도 하던 일을 멈추고 사랑하는 가족 지인들과 함께하는 즐겁고 유쾌한 시간이 꼭 필요합니다. 여름휴가들은 다녀오셨나요?,0
아직 여름휴가를 다녀오지 않으셨다면 남은 기간 알찬 휴가계획 세우셔서 가까운 산과 바다에서 지친 피로를 말끔히 씻어내시길 바랍니다.,0
따갑게 내리쬐는 여름햇살 때문에 좀처럼 열기가 식지 않는 후덥지근한 저녁날씨에도 불구하고 ~~ 많이 참석해 주신 ~~~~ 께 진심으로 감사의 말씀을 전합니다.,0
더운 날씨로 인해 지친 몸과 마음을 푸르른 산과 시원한 바다로 달려가 그동안 지친 피로를 말끔히 씻어 버리고,0
땡볕이 물고 늘어져 힘든 날씨지만 긴 폭염 속에 들려오는 귀뚜라미 노랫소리가 가을을 알리는 것 같습니다.,0
꽃들이 시간을 다투며 아름답고 우아하게 형형색색 자신들의 매력을 뽐내고 있는 아름다운 계절 여름입니다.,0
풍성한 수확의 계절 여유로움과 넉넉한을 주는 10월 가을향기 가득한 이곳 000에서,0
아침저녁으로 불어오는 신선한 바람이 가을이 멀지 않았음을 알려주는 것 같습니다.,0
노오란 은행잎과 진홍색의 단풍잎들이 아름다운 한 폭의 풍경화를 그려내고,0
천혜의 자연 풍광을 품고 있는 산 언저리에는 감탄스러운 만추의 모습이 연출되고 있습니다.,0
여러분들의 가슴에도 가을햇살 같은 즐거움과 풍성한 행복이 가득하길 바래봅니다.,0
지난달까지만 해도 한낮에는 다소 덥던 날씨가 언제 그랬냐는 듯 청명한 가을날씨를 보이고 있습니다.,0
짧은 가을이 깊어가는 시월이 찾아왔습니다.,0
긴 폭염을 밀어내는 선선한 가을바람이 상쾌함을 전해줍니다.,0
귀뚜라미 울음소리와 귓가에 맴도는 매미소리가 떠나가는 여름을 못내 아쉬워하는 것만 같습니다.,0
황금들녁 먹거리 풍성한 가을입니다. 좋은 사람들과 넉넉한 행복을 나누기 좋은 계절입니다.,0
제각기 풍성하고 아름다운 색채를 뽐내던 가로수들이 어느새 앙상한 가지를 드러내고 있는 것을 보면 겨울이 오긴 온 것 같습니다.,0
한 해를 시작하기 위해 분주히 발걸음을 옮긴 지가 엊그제 같은데 벌써 일년을 정리하는 끝자락에 와있습니다.,0
어느새 헐벗은 나뭇가지를 보니 겨울의 중심에 와 있음을 느낄 수 있습니다.,0
모락모락 길거리 따뜻한 호빵의 유혹을 지나치기 힘든 계절이 찾아왔습니다.,0
아침저녁으로 매서운 바람에 옷깃을 여미게 되는 겨울입니다.,0
가족 연인 친구와 함께 올해 마지막 추억을 만들어 가는 12월입니다.,0
어느새 매서운 바람이 가을을 몰아내고 겨울을 가지고 들어 왔네요.,0
한 해를 보내는 아쉬운 마음과 새해를 맞는 설레임이 교차하는 12월입니다.,0
연초에 다짐했던 계획들 잘 정리하고 계신가요? 남은 날들 계획한 모든 일들이 잘 이루어지기를 바랍니다.,0
찬바람 때문에 몸은 잔뜩 움츠려들지만 12월은 연말연시를 맞아 따뜻한 정을 나눌 수 있는 훈훈한 계절임은 확실한 것 같습니다.,0
올해도 한장의 달력만을 남겨두고 있습니다. 열심히 달려온 우리 자신에게 격려와 박수를 보낼 수 있는 12월이 되었으면 합니다.,0
가로를 뒤덮던 낙엽도 어느새 흔적도 없이 사라지고 이제는 그 자리를 소복히 채워 줄 함박눈이 기다려지는 12월입니다.,0
사이버대학생도 해당이 되나요?,1
사이버대학생도 지원할 수 있을까요?,1
사이버대학생,1
사이버대학생 가능?,1
사이버대학교,1
사이버대학교 재학생 지원 가능 여부,1
사이버대학생 지원 가능 여부,1
사이버대학교 학생도 해당이 되나요?,1
사이버대학생도 지원할 수 있을까요?,1
사이버대학교 학생도 지원 가능한가요?,1
사이버대학생은 지원 불가능한가요?,1
사이버대학생은 지원 못하나요?,1
사이버대학생도 지원자격이 있을까요?,1
사이버대학교 다니고 있는데 지원 할 수 있나요?,1
현재 사이버대학교 재학중인데 지원되나요?,1
사이버대생도 지원할 수 있을까요?,1
사이버대학교 학생은 지원 안되나요?,1
사이버대학교를 다니고 있는데 지원 가능한가요?,1
사이버대학교를 다니고 있는데 지원 안되나요?,1
사이버대학교 졸업예정자인데 지원되나요?,1
사이버대학교 졸업했는데 지원요건 충족되나요?,1
사이버대학교 졸업자도 해당되나요?,1
사이버대학교 졸업한 사람은 지원 불가능한가요?,1
사이버대학교 재학생은 지원안될까요?,1
사이버대생도 지원되나요?,1
사이버대생도 교육 지원가능한지 궁금합니다!,1
3년제 대학생 지원 가능 여부,1
3년제 대학교 졸업자 지원 가능 여부,1
3년제 대학교 졸업자는 지원이 아예 불가능할까요?,1
3년제 대학교 졸업자도 지원 가능한가요?,1
3년제 대학교 졸업생도 지원할 수 있을까요?,1
3년제 대학교 졸업생은 지원안되나요?,1
3년제 전문학사를 졸업했는데 지원 가능한가요.,1
2년제 대학교 지원 가능 여부,1
2년제 대학교 졸업자도 지원 가능한가요?,1
2년제 대학교를 졸업했는데 지원되나요?,1
2년제 졸업자는 지원 안되나요?,1
해외대 졸업자도 되나요?,1
해외 대학 졸업생 지원 가능 여부,1
외국 대학 지원 가능 여부,1
해외 대학에서 대학교를 졸업한 경우 지원자격이 충족되는지가 불문명해서 문의드립니다.,1
해외 대학 졸업자도 지원자격이 되는지 궁금합니다.,1
해외 대학 졸업생도 지원할 수 있나요?,1
대학을 해외에서 수료했는데 지원 불가능할까요?,1
해외 대학 졸업생인데 지원할 수 있는지 궁금해서 연락드려요.,1
해외에서 대학을 나왔는데 지원 자격이 되나요?,1
대학교를 해외에서 졸업했는데 지원 자격요건을 충족하는지 알고싶습니다.,1
해외 대학교 졸업생 지원 가능여부,1
대학을 외국에서 졸업했는데 이런 경우도 지원가능한지!,1
외국 대학교 졸업생도 지원할 수 있나요?,1
외국 대학교에서 졸업장을 받은 사람은 지원 불가능한가요?,1
외국 대학교를 나왔는데 지원되는지 궁금해요.,1
제가 전문대 졸업 후 학점은행제로 학사 학위를 땄는데 지원 자격이 되는지 궁금합니다.,1
전문대학 졸업자도 신청이 가능한지 문의 드립니다.,1
전문대 졸업생은 지원 불가능한가요!,1
전문대생은 지원 안되나요?,1
전문대생은 지원할 수 없는지 알고싶습니다.,1
전문대생도 참가가능한가요.,1
전문대학 졸업생은 지원 불가능한가요?,1
전문대 졸업자는 교육 참여안되나요?,1
전문대학교를 졸업했는데 지원 되나요?,1
3년제 전문학사 졸업하고 학점은행제를 통해서 학사학위를 받을 예정인데 학력기준을 충족하나요?,1
2년제 대학 졸업생은 불가능한지 여쭤보고자 메일 드립니다.,1
제가 전문대 졸업 후 학점은행제로 학사 학위를 땄는데 지원 자격이 되는지 궁금합니다.,1
대학교 2학년 수료자는 지원을 하지 못하는 것인가요?,1
대학교 3학년 수료자는 지원을 하지 못하는 것인가요?,1
대학교 3학년은 지원 안되나요?,1
대학교 4학년만 지원가능한가요?,1
4학년 1학기 수료자는 지원할 수 있나요?,1
다음학기 졸업 예정인데 지원 가능한가요?,1
학점은행제 지원 가능 여부,1
학점은행제 지원,1
학점은행제로 학사학위 취득자도 지원 가능한가요?,1
학점은행제로 학위를 취득했는데 교육에 참가할 수 있을까요?,1
학점은행제 이번 상반기까지 수료가능한데 지원되나요?,1
휴학중인 사람도 지원이 가능한가요?,1
휴학생 지원가능 여부,1
휴학생 지원 되나요?,1
휴학중인데 지원 할 수 있나요?,1
휴학생도 지원 자격이 있을까요,1
한학기 과정이 남은 재학생인데 지원 자격이 되나요?,1
아직 졸업까지 한학기 남았는데 지원 가능?,1
1년 이내 졸업 예정인데 지원 가능한가요?,1
1년 안에 졸업할 수 있는데 지원 가능?,1
올해 졸업예정자 지원 가능 여부,1
1년이내 졸업 학점을 맞출 수 있는데 지원 해도 되는지 궁금,1
이제 4학년이 되는데 지원 가능한지,1
한 학기 남았는데 지원가능한가요?,1
아직 졸업을 하지 않았는데 지원 해도 될지 궁금함,1
졸업 예정이 아니지만 지원 할 수 있을까?,1
교육 시작 전까지만 퇴사하면 재직자도 지원 가능한가요?,1
교육 전 퇴사 예정인데 지원가능한가요?,1
재직자 지원,1
재직자는 지원이 불가한가요?,1
재직자 지원 가능 여부,1
재직자도 지원이 되나요?,1
퇴사 예정인데 지원 가능한가요?,1
재직중인 상태인데 지원할 수 있나요?,1
현재 재직자인데 혹시 본교육시작 전에만 퇴사하면 문제가 없나요?,1
회사 재직중인데 지원 되나요?,1
회사원 지원,1
직장인도 지원 되나요?,1
선발 기준,1
선발기준이 있나요?,1
선발 기준 알려줘,1
선발 기준 궁금합니다.,1
선발조건,1
지원자격,1
선발 조건이 있는지 알고 싶습니다.,1
선발 조건을 알고싶습니다,1
지원자격이 있나요,1
지원자격이 궁금해요,1
선발 조건 알 수 있나요,1
지원자격이 어떻게 되나요,1
지원자격 알려줘!,1
선발조건이 알고싶습니다,1
선발조건에 학점이 크게 영향을 미치나요?,1
학점 컷이 있나요?,1
학점이 어느정도 돼야 안정권일까요?,1
학점이 낮으면 불리한가요?,1
선발조건에 학점이 있나요?,1
학점이 높아야 하나요?,1
학점이 높을수록 가산점이 붙나요?,1
학점이 기준 이하이면 탈락인가요?,1
학점이 별로 안좋은데 지원해도 될까요?,1
자소서 채점 기준이 궁금합니다.,1
저번에 탈락했는데 다시 지원할 수 있을까?,1
지난 기수에 불합격했는데 재지원 가능할까요?,1
한번 탈락한 경우 지원이 불가한가요?,1
지난 기수 탈락자 지원 가능 여부,1
재지원 가능 여부,1
이전에 합격 포기를 한 적이 있다면 지원이 불가한가요?,1
합격 포기를 한 경우 재지원 가능한가요?,1
필기시험 불참일 경우 이후에 참여 불가한가요?,1
포스코 취업아카데미와 중복지원가능한가요?,1
취업아카데미와 중복 지원 가능한가요?,1
복수 지원 가능한가요?,1
다른 교육을 수강중인데 지원되나요?,1
타교육 수강중인데 지원 가능해?,1
포스코 신입공채에 지원했는데 아카데미 지원 가능한지?,1
포스코 지원 시 아카데미 지원 가능 여부,1
포스코 신입사원 공채에 지원하면 여기는 지원할 수 없나요?,1
포스코 공채에 지원했는데 중복지원 되나요?,1
포스코 계열사 지원했는데 아카데미 지원되나요?,1
빅데이터 관련 전공이 아닌데 지원해도 될까요,1
공대 출신이 아닌데 지원 할 수 있을지!,1
문과 지원 가능 여부,1
어문계열 지원 가능 여부,1
어문학과도 지원 할 수 있나요?,1
비전공자 지원 가능 여부,1
비전공자도 참여할 수 있을까요?,1
비전공자는 지원자격이 안되나요?,1
문과 출신도 지원되나요?,1
이과만 지원할 수 있는지,1
이과가 아니면 지원이 안되나요?,1
자연계 대학 출신은 지원 안되나요?,1
비전공자 지원자격 충족 여부,1
비전공자 지원 가능?,1
비전공자도 할 수 있어?,1
문과는 참여안되나요?,1
문과생이 지원하는데 문제가 있을까?,1
이과생만 받아주나요?,1
문과 출신은 안될까?,1
주전공이 어문인데 지원될까요?,1
나이 기준이 어떻게 되나요?,1
미필자도 지원되나요?,1
미필인데 지원 가능?,1
군 미필자 지원 가능 여부,1
군대 미필자는 지원 안되나요?,1
군 입대 전인데 지원 되는지?,1
대학 수업과 병행가능한가요?,1
내일배움카드 신청이 불가능하면 지원할 수 없는지?,1
사전학습을 다 수강하지 못했는데 지원할 수 있나요?,1
현재 재직자인데 혹시 본교육시작 전에만 퇴사하면 문제가 없나요?,1
나이 기준을 연장할 수 있나요?,1
몇 살까지 지원되나요?,1
다른 프로그램에 참여 중인데 지원할 수 있을까요?,1
1년 안에 졸업가능하면 지원할 수 있지?,1
백신을 맞지 못했는데 지원이 안되나요?,1
백신 맞아야 지원할 수 있나요?,1
국민내일배움카드가 아직 발급되지 않았는데 신청할 수 있나요?,1
국민내일배움카드 발급 불가한 자는 지원할 수 없나요?,1
국민내일배움카드 발급이 불가능하면 지원할 수 없나요?,1
내일배움카드를 지원 전에 가지고 있어야하나요?,1
국민내일배움카드 가지고 있어야 지원가능 한가요?,1
내일배움카드가 현재 없으면 지원불가인가요?,1
국민내일배움카드를 발급해야 한다고 들었는데 소지만 하고 있으면 되는 건가요?,1
국민내일배움카드를 발급해야 한다고 들었는데 카드가 사용 가능해야 하나요?,1
국민내일배움카드를 소지하고 있는데 카드에 훈련금이 남아있어야 지원가능한가요?,1
국민내일배움카드가 발급 되어있으면 되는 건지 문의드립니다.,1
내일배움카드를 지원할 때 소지하고 있어야하나요?,1
내일배움카드는 선발된 후에 발급받아도 되는 건가요?,1
국민내일배움카드가 필요한 것으로 알고 있는데 합격 후 신청하면 되나요?,1
국민내일배움카드를 미리 신청하고 아카데미를 지원해야 하나요?,1
국민내일배움카드를 발급해야 한다고 들었는데 필수인건가요?,1
국민 내일 배움카드는 소지만 하고 있으면 되는 건가요?,1
국민내일배움카드가 사용 가능해야 하나요?,1
국민내일배움카드가 발급 되어있으면 되는 건지 문의드립니다.,1
내일배움카드를 소지해야한다고 게시되어 있었는데 지원할 때 소지하고 있어야하나요?,1
내일배움카드는 선발된 후에 발급받아도 되는 건가요?,1
국민내일배움카드를 발급해야 한다고 들었는데 이번 필수인건가요?,1
국민 내일 배움카드는 소지만 하고 있으면 되는 건가요? 아니면 카드가 사용 가능해야 하나요?,1
국민내일배움카드가 필요한 것으로 알고 있는데 합격 후 신청하면 되나요?,1
국민내일배움카드를 미리 신청하고 아카데미를 지원해야 하나요?,1
타 K-Digital Training 교육 프로그램을 수강했었는데 혹시 이 교육과정을 듣게된다면 자기부담 훈련비가 발생하는건가요?,1
k-digital training 무료 수강 가능여부를 확인한다고 하는데 무료수강이 불가능하면 교육을 들을 수 없나요?,1
해당 과정의 K-Digital Training 훈련 비용을 안내 받을 수 있을까요?,1
타 기관 K-digital training과정을 들었던 경우 별도의 수업료가 발생하나요?,1
K-Digital Training 과정을 먼저 수강한 경우 자비부담액은 어느정도 인지 궁금합니다.,1
제가 K-Digital Training 강의를 이미 다른 기관에서 수료했는데 지원을 할 수가 있나요?,1
K-Digital Training 수료 이력이 있으면 지원이 안되나요?,1
현재 다른 교육 수강 중인데 지원가능한가요?,1
다른 국비교육 수료자는 지원 불가인가요?,1
석사과정의 휴학없이 병행이 가능한지 궁금합니다,1
석사과정과 병행,1
석사과정 중 교육 참여 가능한가요?,1
대학원과 병행 가능한가요?,1
대학원 병행,1
대학원생도 병행 가능한가요?,1
대학원 수업들으면서 교육참여할 수 있을까요?,1
사전과목 공부만 잘되어있다면 선발될 가능성이 있나요?,1
제시된 지원 조건만 만족하면 지원 가능한건가요?,1
교육 중도포기자는 재지원이 안되나요?,1
취약계층의 기준이 궁금합니다,1
취약계층 범위가 어떻게 되나요?,1
합격 포기자는 입과가 제한되나요?,1
타 교육 이수자 지원 가능 여부,1
타 교육 수료자 지원 가능 여부,1
다른 교육 이수자 지원 가능 여부,1
다른 교육 수료자 지원 가능 여부,1
다른 교육을 들은 경우 지원이 불가한가요?,1
다른 과정에 참여 중인 경우 지원이 불가한가요?,1
다른 교육에 참여 중인 사실만으로도 지원에 문제가 될까요?,1
국민내일배움카드 잔액이 남아있는 경우 수강할 수 있나요?,1
지원 대상,1
참여 대상,1
참여 자격,1
입과 자격,1
아카데미 최종합격 후 포기한 경우 지원할 수 없나요?,1
아카데미 최종합격 후 취소한 경우 지원할 수 없나요?,1
석사과정중임에도 교육을 받는 것이 가능할까요?,1
석사과정의 휴학없이 병행이 가능한지 궁금합니다,1
서류 합격 여부에 낮은 성적이 합격에 불리할까요?,1
낮은 성적의 합격자가있는지 궁급합니다,1
혹시 초대졸 졸업자는 신청할 수 없을까요?,1
프로그래밍 비전공자도 신청할 수 있을까요?,1
최종합격한 상태에서 재지원시 불이익같은 것이 있는지 알고 싶습니다.,1
이제 4학년이 되는 것이면 지원가능한가요?,1
이전에 합격하였으나 참여하지 못하면 다시는 지원할 수 없나요?,1
다른 교육에 참여 중인 사실만으로도 지원에 문제가 될까요?,1
현재 받고 있는 교육을 그만 둘 의향이 있는데 지원 후 합격 여부에 따라서 교육을 그만둬도 되나요?,1
곧 끝나는 타 교육 수강중이면 이 교육에 전체 참여할 수 있어도 안되는 것인가요?,1
국민내일배움카드 잔액이 남아있으면 강좌를 수강할 수 있나요?,1
타 K-Digital Training 과정을 수강했다면 지원이 제한되는건가요?,1
비전공자에 포트폴리오도 없어서 다른 지원자들에 비해 경쟁력이 떨어질 듯 하여 여쭤봅니다.,1
내일배움카드로 다른 국비지원과정을 이미 이수한 경우에는 본 과정 입교가 불가능한가요?,1
이전에 취업성공패키지를 통해 국민내일배움카드를 발급 받고 국비지원 교육을 들었는데 이 경우에는 본 교육을 들을 수 없나요?,1
K-digital training 타교육 수강이력이 있으면 지원 불가인가요?,1
현재 지금 K-Digital Training 과정을 수행 중에 있는데 이런 경우 추후에 있을 아카데미 프로그램에 지원할 수 없는지 궁금합니다.,1
지원 최소 학점이 어느정도인가요?,1
지원시 최소학점이 어느정도인지 문의드립니다!,1
제가 K-Digital Training 과정을 수강하다가 중도퇴소를 했는데 이 경우 참여가 불가능한가요?,1
대면인가요? 비대면인가요?,2
홈페이지에 고지된대로 대면인가요?,2
온라인 수업인가요? 오프라인 수업인가요?,2
코로나로 인해 비대면인가요?,2
코로나 상황이 나아지면 대면인가요?,2
이번 기수 온라인으로 진행하나요?,2
대면으로 진행할 가능성 있나요?,2
비대면으로 진행할 가능성 있나요?,2
온라인으로 진행할 가능성 있나요?,2
오프라인으로 진행할 가능성 있나요?,2
코로나로 인해 대면으로 진행하는지 비대면으로 진행하는지 궁금합니다.,2
교육 전체를 비대면으로 진행하나요?,2
교육 전체를 온라인으로 진행하나요?,2
비대면으로 진행할 수도 있나요?,2
사이트에 상황에 따라 온라인으로 진행할 수 있다는데 언제 확정되나요?,2
코로나 관계없이 10주 합숙 진행하나요?,2
코로나-19 관계없이 10주 합숙 진행하나요?,2
COVID-19 관계없이 10주 합숙 진행하나요?,2
합숙하나요?,2
10주간 합숙 진행하나요?,2
10주 합숙 하나요?,2
현 상황에 합숙 진행가능한가요?,2
현 상황에서 합숙 진행 가능성 있나요?,2
현재 상황에서 합숙 진행가능한가요?,2
현재 상황에서 합숙 진행 가능성 있나요?,2
전기수 진행 방식,2
올해도 비대면으로 진행하나요?,2
합숙,2
합숙 기간,2
코로나로 인해 필기시험 생략인가요?,2
코로나로 인해 필기시험 없나요?,2
코로나로 필기시험 안 치나요?,2
코로나로 인해 필기시험 없나요?,2
코로나로 인해 필기시험 생략인가요?,2
면접 비대면인가요?,2
필기시험 비대면으로 치나요?,2
온라인으로 진행할 수 있나요?,2
오프라인 진행 가능성,2
온라인 진행 가능성,2
필기시험이 온라인으로 진행될 수 있나요?,2
필기시험 비대면으로 진행될 수 있나요?,2
오프라인인지 온라인인지 언제 확정되나요?,2
대면인지 비대면인지 언제 확정되나요?,2
코로나로 인해 교육이 어떻게 진행되는지 궁금합니다.,2
코로나로 인해 교육이 어떻게 진행되나요?,2
온/오프라인 계획,2
교육 진행 방식,2
코로나로 필기시험이 생략될 수 있나요?,2
면접 zoom으로 진행하나요?,2
코로나로 모집일정이 지연될 수 있나요?,2
코로나로 인한 모집 일정 지연,2
코로나로 인한 일정 지연,2
코로나로 인한 일정 변경,2
코로나에 따라 진행이 달라지나요?,2
교육진행 관련,2
코로나로 변경된 진행사항은 언제 알려주나요?,2
코로나로 일정이 바뀔 수 있나요?,2
코로나로 일정이 변경될 수 있나요?,2
코로나로 일정이 변경되었나요?,2
상황에 따라 바뀐 일정은 언제 공지해주나요?,2
합숙 가능한가요?,2
면접 진행 방식,2
필기 진행 방식,2
필기시험 진행 방식,2
비대면 필기,2
비대면 필기시험,2
비대면 면접,2
비대면 교육,2
온라인 교육인가요?,2
대면인지 비대면인지 알려줘,2
면접 없나요?,2
면접 취소,2
면접 진행,2
면접 생략,2
면접 zoom,2
zoom형식으로 면접이 진행되나요?,2
면접 비대면으로 진행하나요?,2
진행 방식,2
온라인 진행,2
지금대로라면 온라인으로 진행하나요?,2
필기시험 언제 치나요?,2
필기시험 일정,2
필기시험 얼마동안 치나요?,2
필기시험 시간,2
필기시험 진행 시간,2
필기시험 언제인가요?,2
필기시험 일정 언제 나오나요?,2
필기시험 온라인 진행 가능성,2
필기시험 가능성,2
필기시험 진행,2
필기시험 생략,2
필기시험 취소,2
필기시험 치나요?,2
일정 지연 가능성,2
정확한 발표 일시를 알 수 있을까요?,2
정확한 발표 시간을 알 수 있을까요?,2
필기시험과 면접 같은 날 진행하나요?,2
필기시험 일자,2
필기시험 날짜,2
면접 일자,2
면접 날짜,2
필기시험 및 면접 일자,2
필기시험 및 면접 날짜,2
필기시험 날짜 안내,2
필기시험 일자 안내,2
면접 날짜 안내,2
면접 일자 안내,2
면접 언제 보나요?,2
필기시험 언제 보나요?,2
필기시험 날짜 나왔나요?,2
면접 날짜 나왔나요?,2
필기시험 일자 나왔나요?,2
면접 일자 나왔나요?,2
합격 발표 언제 나오나요?,2
합격 발표 나왔나요?,2
최종 발표 언제 나오나요?,2
서류 발표 언제 나오나요?,2
서류 발표 나왔나요?,2
발표 일자,2
발표 날짜,2
언제 발표,2
언제 합격자 발표 나오나요?,2
언제 발표 나오나요?,2
합격자 발표 했나요?,2
발표는 홈페이지에 게시되나요?,2
합격자 발표 홈페이지에 게시되나요?,2
최종 발표 홈페이지에 게시되나요?,2
서류 발표 홈페이지에 게시되나요?,2
발표 어디서 확인하나요?,2
최종 발표 어디서 확인하나요?,2
서류 발표 어디서 확인하나요?,2
합격자 발표 어디서 확인하나요?,2
발표 방식,2
지원 일정,2
모집 일정,2
신청 기간,2
지원 기간,2
모집 기간,2
발표 기간,2
신청 일자,2
모집 일자,2
발표 메일로 오나요?,2
합격자 발표 메일로 오나요?,2
최종 발표 메일로 오나요?,2
면접 일정은 메일로 안내되나요?,2
필기시험 일정은 메일로 안내되나요?,2
결과 발표 언제나오나요?,2
결과 어디서 보나요?,2
결과 어디로 나오나요?,2
결과 어디서 확인 가능한가요?,2
결과 어디서 확인해야하나요?,2
결과 언제 나오나요?,2
발표 언제 나오나요?,2
언제 결과 나오나요?,2
결과 확인 방법,2
메일이 안오면 불합격인가요?,2
합격자 발표 했나요?,2
결과 발표 했나요?,2
합격 발표 했나요?,2
최종 합격 발표 했나요?,2
결과 발표는 언제나오나요?,2
교육 진행 계획,2
모집 일정 나왔나요?,2
모집 일정 확실한가요?,2
모집 계획,2
선발 일정,2
선발 계획,2
내년에도 선발 계획 있으신가요?,2
내년에도 교육 하나요?,2
내년에도 프로그램 진행하나요?,2
내년에도 교육 진행하나요?,2
내년에 교육있나요?,2
내년 일정 언제 나와?,2
내년에도 있어?,2
내년에도 해?,2
다음에도 모집해?,2
내년 언제부터 모집할 계획이신가요?,2
다음 모집 일정 알려줘,2
모집 계획이 없으신가요?,2
내년에 교육생 모집하나요?,2
내년 교육생 모집 계획있나요?,2
내년 교육생 모집 계획이신가요?,2
교육생 모집은 언제부터 인가요?,2
교육생 모집 일정,2
교육생 선발 일정,2
교육생 지원 일정,2
교육생 모집 기간,2
내년 일정이 어찌될까요?,2
내년 일정에 대해 알 수 있을까요?,2
내년 일정도 올해와 동일한가요?,2
모집 일정 나왔나요?,2
내년 모집은 언제부터 시작인가요?,2
내년 모집은 언제 시작될 지 알 수 있을까요?,2
내년 모집 언제 시작되나요?,2
내년 선발 언제 시작되나요?,2
내년 선발은 언제 시작될 지 알 수 있을까요?,2
교육생 선발 일정에 대해 알 수 있을까요?,2
교육생 선발 일정이 궁금합니다.,2
교육생 모집 일정이 궁금합니다.,2
내년 모집 일정,2
내년 교육생 모집 일정,2
내년 선발 일정,2
내년 지원 일정,2
내년 교육생 선발 일정,2
내년 교육생 지원 일정,2
모집 계획,2
내년 모집 계획,2
선발 계획,2
내년 선발 계획,2
과정이 중단되었나요?,2
과정 끝났나요?,2
교육 중단되었나요?,2
더이상 교육생 모집 안하나요?,2
프로그램 종료,2
내년 확정 일정이 언제쯤 나올지 알 수 있을까요?,2
정확한 지원 일정을 알고 싶습니다.,2
정확한 모집 일정을 알고 싶습니다.,2
내년에도 계속 모집하나요?,2
내년에도 선발 진행하나요?,2
내년에도 프로그램 진행하나요?,2
내년에도 교육 진행하나요?,2
내년에도 지원 가능할까요?,2
다음 기수 계획,2
다음 진행 계획,2
다음 모집 계획,2
다음 교육생 선발 계획,2
일정이 어떻게 되는지 궁금합니다.,2
일정 알려줘,2
일정이 궁금합니다.,2
모집 일정이 궁금합니다.,2
선발 일정이 궁금합니다.,2
모집 일정 알려줘,2
선발 일정 알려줘,2
뽑을 예정이신가요?,2
내년 계획은 언제 공지되나요?,2
다음 모집 계획은 언제 공지되나요?,2
구체적인 모집일정,2
모집 시작 일자가 정해진 바가 있나요?,2
필기시험 및 면접이 어떻게 진행되는지 궁금합니다.,2
면접 진행 방식 알려줘,2
필기시험 진행 방식 알려줘,2
다음 기수 모집,2
면접 소요 시간,2
필기시험 소요 시간,2
교육 시간,2
필기시험 보나요?,2
필기시험 계획,2
면접 계획,2
면접 보나요?,2
면접 언제,2
필기 언제,2
필기시험 언제,2
필기 치나요?,2
필기 날짜 언제 나옴?,2
면접 날짜 언제 나옴?,2
발표 언제 나옴?,2
최종 발표 언제 나옴?,2
합격자 발표 언제 나옴?,2
서류 발표 언제 나옴?,2
최종 합격자 언제 나옴?,2
최종 합격자는 별도로 연락이 오나요?,2
합격자는 별도로 연락이 오나요?,2
최종 합격자는 따로 연락이 오나요?,2
합격자는 따로 연락이 오나요?,2
연락이 안오면 불합격인가요?,2
연락이 안왔는데 불합격인가요?,2
결과는 언제 발표나나요?,2
메일이 안 왔으면 탈락인가요?,2
메일이 안 왔으면 불합격인가요?,2
접수 언제부터 인가요?,2
접수 일정 알려줘,2
접수 일정 알고싶습니다.,2
언제부터 접수하나요?,2
서류 합격자는 별도로 연락이 오나요?,2
서류 합격자는 별도로 안내되나요?,2
서류 합격자는 따로 연락이 오나요?,2
합격자는 별도로 안내되나요?,2
합격자는 따로 안내되나요?,2
합격자에게만 연락이 가나요?,2
발표 방식,2
발표 안내,2
언제부터 일정 공지,2
언제 발표,2
발표 언제,2
몇 시 발표?,2
발표 몇 시에 나오나요?,2
발표 보통 몇 시에 나오나요?,2
합격자 언제 나와?,2
합격자 발표 했는지 궁금합니다,2
지원 일정이 어떻게 되는지 궁금합니다.,2
교육 일정이 어떻게 되는지 궁금합니다.,2
아카데미 모집 일정은 언제 나오나요?,2
작년과 일정이 동일한가요?,2
홈페이지에 올라와 있는 일정이 정확한건가요?,2
교육 일정이 언제 업로드 되는지 알 수 있을까요?,2
차후 진행일정이 궁금합니다,2
혹시 내년에는 선발 계획이 없으신건가요?,2
서류 제출 기한 이후 추가로 서류를 제출 할 수 있을까요,3
서류제출기간초과,3
서류 제출 기간 초과,3
서류제출 기간초과,3
제출 기간 초과,3
제출기간 초과,3
제출기간초과,3
제출기간초과,3
제출 기한 이후 추가 제출,3
제출기한 이후 추가제출,3
서류제출 기간이후 추가 제출,3
서류제출 기간 만료 후 제출,3
서류제출기간 만료 후 제출,3
서류제출기간 만료후 제출,3
서류제출 기간 만료후 제출,3
서류 추가 제출 가능한가요?,3
추가로 제출하고 싶은 서류가 있습니다. 제출해도 될까요?,3
마감 후 서류 추가 제출 가능한가요?,3
서류 추가로 제출하고 싶어요.,3
성적증명서 석차가 표기,3
성적증명서 석차표기,3
성적증명서에 석차가 표시되어야 하나요?,3
성적증명서에 석차가 표시되어 있어야 하나요?,3
성적증명서,3
성적 증명서 석차가 표기,3
성적 증명서 석차표기,3
성적 증명서,3
7학기까지의 성적이 기재된 성적증명서를 제출해도 되나요?,3
직전 학기까지의 성적이 기재된 성적증명서를 제출해도 되나요?,3
성적이 아직 다 반영되지 않았는데 그냥 제출해도 되나요?,3
막학기 성적 미반영인 경우 직전학기까지의 성적증명서 제출가능한가요?,3
아직 성적이 반영되지 않은 경우 어떻게 하나요?,3
졸업예정증명서,3
졸업 예정 증명서,3
졸업예정 증명서,3
현재 증명서 발급이 어려운 경우 이후에 따로 제출해도 될까요?,3
졸업예정증명서 발급이 불가능한 경우 재학 증명서로 대체 가능한가요?,3
졸업예정증명서에 출력된 졸업예정일과 실제 졸업희망일이 다릅니다.,3
졸업예정증명서와 실제 졸업일자와 다릅니다.,3
졸업예정증명서와 실제 졸업일자와 다름,3
졸업예정증명서의 졸업일자와 실제 졸업희망일 다른 경우,3
서류 제출이 늦어질 것 같습니다,3
서류제출지연,3
서류 제출 지연,3
서류제출 지연,3
기타 증빙서류,3
기타 증빙 서류,3
기타 증빙 서류 종류,3
기타 증빙서류에는 어떠한 것,3
기타 증빙서류에는 어떠한 것을 제출,3
기타증빙서류에는 어떠한 것,3
기타증빙서류에는 어떠한 것을 제출,3
증빙 서류 뭐 제출,3
제출해야하는 증빙 서류,3
증빙 서류 제출,3
증빙 서류 미제출,3
자격증 취득,3
자격증취득관련하여,3
자격증 취득 관련,3
자격증 취득관련,3
자격증 스캔 제출 가능 여부,3
자격증 스캔해서 제출해도 되나요?,3
서류 URL형식,3
서류 URL,3
서류 URL형식 제출,3
서류 URL형식제출,3
서류URL형식,3
서류URL 제출,3
서류 URL형식제출 가능,3
서류URL형식제출가능,3
서류URL형식 제출 가능,3
서류URL형식 제출 가능,3
서류 URL형식제출 불가능,3
서류URL형식제출불가능,3
서류URL형식 제출 불가능,3
서류URL형식 제출 불가능,3
PDF파일을 제외한 다른파일,3
PDF파일만 제출해야하나요?,3
PDF파일 제외한 다른파일 형식,3
PDF파일제외한 다른파일형식,3
여러 서류를 제출하고 싶은 경우,3
여러 파일을 제출하고 싶은 경우,3
기타 증빙서류가 여러개일때,3
기타증빙서류가 여러개,3
기타 증빙서류가 여러개일때,3
기타 증빙 서류가 여러개,3
기타 증빙 서류가 여러개일때,3
기타 증빙서류가 여러개일때 어떠한 형식으로 제출해야하나요?,3
서류제출 기한 이후 제출가능하나요?,3
자격증과 어학점수 증빙자료,3
자격증 어학점수 증빙자료,3
PDF로 합쳐서,3
PDF합쳐서,3
모든 서류를 1개의 pdf로 만들어서 제출해도 되나요?,3
모든 파일 1개의 pdf로 묶어서 제출해도 되나요?,3
제출하는 입과 지원서에서 서명란에 전자서명으로 제출하는 것도 가능한가요?,3
전자서명 사용해도 되나요?,3
서명란에 전자서명,3
서명란에 전자서명으로 제출,3
서명란에 전자서명제출,3
전자서명제출,3
전자서명 가능 여부,3
경력 및 재직증명서 제출 서류를 국민연금 가입증명서류로 빙해도 되는 부분인지 궁금합니다.,3
자기소개서 항목 모두 글자 수 제한이 없이 자유롭게 기술하면 되는걸까요?,3
글자수제한,3
글자 수 제한,3
자기소개서 글자수제한,3
자기소개서 글자 수 제한,3
자기 소개서 글자 수 제한,3
자기 소개서 글자수제한,3
자기소개서 글자 수,3
자기소개서 글자수,3
지원서 글자 수,3
지원서 글자 수 제한,3
입과지원서 글자 수,3
입과지원서 글자 수 제한,3
지원서 각 항목당 글자 제한 수 없나요?,3
입과지원서 각 항목당 글자 수 제한 있나요?,3
자기소개서 항목당 글자 수 제한 있나요?,3
기타증빙서류에 파일을 하나밖에,3
기타증빙서류에 파일을 하나밖에 올리지 못하게 되어 있습니다,3
교육신청시 하단에 위치한 증빙서류의 기타증빙서류에는 입과지원에서 언급한 서류를 첨부하면 되는건지 궁금합니다.,3
졸업증명서등 각종 증명서는 인쇄된 용지를 휴대폰으로 찍어서 사진파일로 업로드 하면 되나요?,3
사진파일로 업로드해도 될까요,3
늦게 제출하면 선발에서 제외될 수 있나요?,3
늦게 제출하면 선발에서 제외,3
늦게 제출하면 선발,3
늦게 제출,3
늦게 제출하면,3
늦게 제출하면 불이익,3
증빙서류는 따로 제출을,3
증빙서류는 따로 제출을 해야,3
어학점수 관련 증빙서류는 따로 제출을 해야하는 건가요?,3
어학점수 관련 증빙서류는 따로 제출 해야하나요,3
어학점수 관련 증빙서류 따로 제출해야하나요,3
어학 성적표 제출,3
메일 지원,3
메일 지원이 가능하나요,3
메일지원,3
메일 지원이 가능하나요,3
메일 지원이 가능할까요,3
메일지원이 가능할까요,3
서류제출기한이 지난 후 제출을 할 수 없을까요,3
서류제출기한이 지난후 제출,3
Zip파일로 묶어서 내도 되는지,3
Zip파일로 합쳐서,3
Zip파일로 제출해도 되나요?,3
서류 1개로 압축해서 제출해도 되나요?,3
서류 압축 파일 제출,3
압축 파일 제출해도 되나요?,3
서류 제출 형식이 정해져있나요?,3
입과지원서는 입과지원서 출력본에 서명한 인쇄본을 스캔해서 첨부하는 것인지 아니면 그냥 입과지원서 PDF 파일을 첨부하는 것인가요?,3
학기를 다니면서 병행해도 될까요?,3
학교를 재학하면서 같이 가능할까요?,3
입과 지원서의 자기소개서의 글자 수 제한이 있나요?,3
졸업예정증명서로 대체가능,3
졸업 예정 증명서,3
입과지원서는 자필로 해야하나요 아니면 컴퓨터로 작성도 가능한가요?,3
입과지원서 자필로 작성 후 스캔해도 되나요?,3
입과지원서 자필,3
입과지원서 자필 작성,3
입과지원서 컴퓨터 작성,3
지원서 작성 후 스캔해서 제출해도 되나요?,3
지원서 작성 방식,3
입과지원서 작성 방식,3
서류제출이 안됨,3
서류제출 안됨,3
서류제출 오류,3
수상이나 자격증은 기타 증빙서류에 제출하면 되나요?,3
수상 및 자격증은 기타증빙서류인가요?,3
수상 및 자격증 기타증빙서류,3
수상 및 자격증 기타 증빙서류,3
기타 증빙서류는 무엇이 해당되나요?,3
기타 증빙서류,3
기타증빙서류,3
기타증빙서류에 수료증을 함께 제출해야하는지 궁금합니다,3
기타증빙서류에 수료증을 제출해야하나요?,3
기타 증빙서류에 수료증 제출,3
수료증 제출,3
증빙서류 첨부란에 제출을 해야하는 경우는 어떤게 해당되나요?,3
증빙서류 제출란에 제출은 무엇을 해야하나요?,3
서류제출시 증명사진을 꼭 첨부해야하나요?,3
증명사진을 꼭 첨부해야하나요?,3
증명사진 첨부,3
증명사진을 필수적으로 첨부해야하나요,3
증명사진은 필수사항인가요,3
증명사진 필수,3
기타증빙서류에 파일을 하나만 올릴 수 있나요?,3
기타증빙서류에 파일을 하나밖에 올리지 못하게 되어 있습니다.,3
기타증빙서류에 파일을 하나만 업로드,3
기타증빙서류 업로드,3
기타 증빙서류가 여러개일때 어떠한 형식,3
기타 증빙서류가 다수일때,3
기타 증빙서류 여러개,3
경력사항은 해당 기술관련 직종만 해당되나요?,3
경력사항은 해당 기술직종만 해당되나요?,3
경력사항 빅데이터 관련만 되나요?,3
경력사항 big data 관련만 되나요?,3
경력사항 ai 관련만 되나요?,3
경력사항 ai나 빅데이터 관련만 되나요?,3
서류 업로드 오류,3
증빙서류 업로드 오류,3
증빙서류 파일 업로드 오류,3
파일 업로드 오류,3
지원서 업로드 오류,3
입과지원서 업로드 오류,3
교내 수상도 작성 가능한가요?,3
교내 수상 작성 가능?,3
서류 발급 일자,3
서류 발급 일자 최근이 아니여도 상관없나요?,3
발급받은지 오래된 서류도 가능하나요?,3
서류 발급 일자 제한이 있나요?,3
최근 서류만 가능한가요?,3
서류 발급일이 최근이여야 하나요?,3
졸업증명서 대체 서류,3
졸업증명서 대신 다른 서류,3
졸업증명서 대신 졸업장 가능한가요?,3
졸업증명서 대신 다른 서류 제출해도 되나요?,3
졸업예정증명서 불가한 경우 다른 서류,3
졸업예정증명서 대체 서류,3
졸업예정증명서 대신 다른 서류,3
졸업예정증명서 대신 재학증명서 가능한가요?,3
졸업예정증명서 발급이 안되는 경우 재학증명서 제출해도 되나요?,3
수료증은 기타증빙서류에 같이 제출하나요?,3
수료증은 지원서와 같이 제출하나요?,3
수료증은 입과지원서와 같이 제출하나요?,3
이수증은 기타증빙서류에 같이 제출하나요?,3
이수증은 지원서와 같이 제출하나요?,3
이수증은 입과지원서와 같이 제출하나요?,3
지원서에 적은 내용은 모두 증빙서류를 제출해야하나요?,3
입과지원서에 적은 내용은 모두 증빙서류를 제출해야하나요?,3
자기소개서에 적은 내용은 모두 증빙서류를 제출해야하나요?,3
자소서에 적은 내용은 모두 증빙서류를 제출해야하나요?,3
입과지원서에 적은 교육사항 봉사활동과 같은 활동들도 모두 기타제출 서류에 제출해야 되나요?,3
증빙서류를 제출하지 않으면 인정 안되는 건가요?,3
경력칸에는 빅데이터 및 it 관련 경력만 작성 가능한 것인지 아니면 다른 직종이어도 재직경험이 있으면 작성이 가능 한 것인지 알고싶습니다.,3
입과지원서 항목이 알고 싶어요,3
입과지원서 항목 알려줘,3
지원서 항목 알고 싶어요,3
지원서 항목 알려줘,3
자기소개서 항목 알려줘,3
자기소개서 항목 궁금해요,3
자소서 항목 알고 싶습니다.,3
자소서 항목 알려주세요,3
자소서 문항,3
지원 당시 제출했던 서류 확인 가능 여부,3
제출 서류 확인,3
제출한 서류 반환받고 싶어요,3
제출한 서류는 전형 이후에 반환해주나요?,3
제출 서류 반환 요청,3
서류 반환 요청,3
서류 반환해주나요?,3
입과지원서 형식,3
입과지원서 양식,3
지원서 양식,3
지원서 양식 수정 가능 여부,3
첨부서류 제출 가이드 있나요?,3
재학증명서 대신 휴학증명서 가능 여부,3
휴학증명서 제출 가능 여부,3
휴학증명서 제출해도 되나요?,3
필수로 제출해야하는 서류는 뭐가 있나요?,3
필수 제출 서류,3
영문 증명서는 그대로 제출해도 되나요?,3
영문 증명서의 경우 그냥 제출해도 되나요?,3
영문 증명서 제출해도 되나요?,3
입과지원서에 전문대학 성적도 첨부해야할까요?,3
편입한 경우 이전 학교 성적도 제출해야하나요?,3
영문 서류 그대로 제출해도 되나요?,3
영문 서류 제출 가능?,3
영문 서류 제출 가능 여부,3
영문 서류 제출 가능한가요?,3
전체 성적이 안 나온 경우 졸업 평점에는 뭘 입력해야하나요?,3
전체 성적이 아직 안 나온 경우 직적학기까지의 평점에 작성해도 되나요?,3
입과지원서 분량 제한있나요?,3
입과지원서 분량,3
지원서 분량 정해져있나요?,3
지원서 분량 제한 있나요?,3
입과지원서 다른 양식으로 작성해도 되나요?,3
지원서 양식 수정해도 되나요?,3
입과지원서 양식 수정해도 되나요?,3
사전학습 수료증 언제 제출하나요?,3
스마트런 수료증 언제 제출하나요?,3
smartlearn 수료증 언제 제출하나요?,3
mooc 강의 수료증 언제 제출하나요?,3
사전학습 이수증 언제 제출하나요?,3
스마트런 이수증 언제 제출하나요?,3
smartlearn 이수증 언제 제출하나요?,3
mooc 강의 이수증 언제 제출하나요?,3
졸업예정증명서 대신 재학증명서 가능한가요?,3
졸업예정증명서 대신 재학증명서를 제출해도 되나요?,3
졸업예정증명서 다른 걸로 대체 가능한가요?,3
수상 경력 교내 대회 상,3
교내 대회 상도 제출 가능한가요?,3
학교에서 받은 상장 제출 가능한가요?,3
증빙서류는 무엇을 제출해야 하나요?,3
기타증빙서류의 경우는 필수는 아니라고 적혀있던데 제출을 해야할 경우 어떤게 해당되나요?,3
서류를 다시 제출해도 되나요?,3
서류 재제출 가능?,3
서류 재제출 가능 여부,3
잘못된 서류 다시 내고 싶어요,3
잘못된 서류 다시 제출하고 싶어요.,3
사전학습 수강이 필수사항인가요?,4
MOOC과목 수강이 필수사항인가요?,4
MOOC수강이 필수사항인가요?,4
MOOC과목을 혹시 재수강하거나 따로 수료증 받을 수 있는 방법이 있을까요,4
사전학습 강좌 수강신청 기간이 지난 후 수강신청을 할 수 없는건가요?,4
MOOC강좌 수강신청 기간이 지난 후 수강신청을 할 수 없는건가요?,4
MOOC 기초과정 학습을 따로 진행할 수 있는 방법이 있을지 궁금합니다.,4
MOOC 수강신청을 하지 못했는데 수강신청 기간을 연장해 주실 수 있는지 궁금합니다.,4
차후에 사전학습을 신청하여 수강이 가능할지 알고싶어 문의드립니다.,4
추후에 사전학습을 신청하여 수강이 가능할지 알고 싶습니다.,4
스마트런 강의는 종료 이후 별도로 수업 수강이 불가한 것인지 궁금합니다.,4
MOOC 강의를 수강하지 않은 경우 불이익이 있는지 궁금해 문의 드립니다.,4
smartlearn 수료증이 필수로 필요한가요?,4
smartlearn 수료증 필수,4
수료증이 필수사항인가요?,4
사전학습이 필수가 아닌 권장사항이라고 언급되어 현재 사전학습을 따로 신청하지 않은 상황인데 해당 프로그램 지원에 지장이 있는지 여쭙고 싶습니다.,4
사전학습은 MOOC 수강신청이 닫혀서 강의를 들을 수 없습니다,4
사전학습 MOOC 수강신청이 닫혀서 강의를 들을 수 없습니다,4
smart learn 이수증이 있어야 합격 우선순위로 올려둔다는게 맞나요?,4
필기시험을 볼 때 사전학습에 있는 내용으로 치뤄지는것으로 알고 있습니다. 모든 범위가 시험범위에 해당하는지 알고 싶습니다.,4
꼭 홈페이지에 올라온 url주소로 사전학습을 수강하여야 하는지 알고싶습니다.,4
수강신청이 불가능하여 수강하지 못하였습니다.,4
유튜브 수업은 수강 완료한 인증은 어떠한 방식으로 해야 하나요?,4
smart learn은 매번 같은 내용을 교육하나요?,4
MOOC 수강신청 연장,4
MOOC 수강신청 기간 연장,4
사전학습 수강신청 연장,4
사전학습 수강신청 기간 연장,4
smartlearn 수강신청 기간 연장,4
smartlearn 수강신청 연장,4
수강신청 연장,4
수강신청 기간 연장,4
수강신청 기간연장,4
사전학습 기간 지난 후 신청,4
포스텍 사이트에서는 수강신청기간이 끝나서 수강이 힘든상태인데 혹시 언제 다시 수강신청할수 있는지 알수있을까요?,4
미리 수강신청을 하지 못하였는데 수강신청 기간연장 부탁 드려도될까요?,4
지금은 사전교육 수강이 불가능하다고 하네요. 원래 아카데미 입소 전에는 듣지 못하는 건가요?,4
사전학습 강의를 수강하지 않은 경우 지원을 못하거나 교육생 선발 시 불이익이 있는지 궁금해 문의 드립니다.,4
추가적인 수강신청,4
현재 수강신청이 불가하다고 합니다. 추가적으로 수강신청이 가능한지 여부에 대해 알려주시면 감사하겠습니다.,4
혹시 사전학습 추가로 수강신청 할 수는 없나요?,4
smartlearn 강의를 수강할 수 있는 다른 방법이 있는지 궁금합니다.,4
사전학습 수강신청 다시 열어주기도 하나요?,4
MOOC 수강신청 다시 열어주기도 하시나요?,4
POSTECH에서 제공하는 MOOC 서비스 이미 수강신청기간이 지났는데 해결해 주실 방법이 있을까요?,4
혹시 더 수강 신청을 할 수 있나요?,4
온라인 기초과정(MOOC) 수강신청 기간이 지나 강의를 수강하지 못하게 되었는데 따로 수강할 방법이 있는지 문의드립니다.,4
필기시험 대비를 위한 사전 학습 관련하여 문의드립니다. 해당 온라인 수업을 수강할 수 없는 것인지 어떻게 하면 미리 수강할 수 있는지 문의드립니다.,4
수강신청 기간이 아니어서 듣지 못하고 있습니다. 따로 들을 수 있는 방법이 있는지 문의 드립니다.,4
수강을 하려고 했으나 수강을 신청할 수 있다고 활성화가 되지 않습니다. 따로 들을 수 있는 방법이 있는지 문의 드립니다.,4
사전 교육을 듣고자 했는데 신청 기간이 만료되어 수강할 수 없는 상태인 것 같습니다. 수강할 수 있는 방법이 있는지 알고 싶습니다.,4
사전학습 재수강이 가능한가요?,4
사전학습 수강자도 다시 수강신청하여 수강이 가능한가요?,4
사전학습 다시 수강신청하여 수강이 가능한가요?,4
사전학습 다시 수강 신청 하여 수강이 가능한가요?,4
사전학습 다시 신청이 가능한가요?,4
사전학습 다시 수강할 수 있나요?,4
사전학습 다시 신청할 수 있나요?,4
수강신청이 아니여서 신청하지 못하였습니다. 별도로 신청이 가능한가요?,4
수강신청,4
수강신청 기간이 아니여서 신청하지 못하였습니다. 별도로 신청이 가능한가요?,4
신청기간이 아니여서 수강신청하지 못하였습니다. 별도로 신청이 가능한가요?,4
수강신청기간이 아니여서 수강신청하지 못하였습니다. 별도로 신청이 가능한가요?,4
수강신청기간이 아니여서 수강신청하지 못하였습니다. 별도로 수강신청이 가능한가요?,4
수강신청이 아니여서 신청하지 못하였습니다. 추가 신청이 가능한가요?,4
수강신청기간이 아니여서 신청하지 못하였습니다. 추가 신청이 가능한가요?,4
수강신청 기간이 아니여서 신청하지 못하였습니다. 추가로 신청이 가능한가요?,4
신청기간이 아니여서 수강신청하지 못하였습니다. 추가 신청이 가능한가요?,4
수강신청 기간을 놓쳐서 신청하지 못하였습니다. 추가 신청이 가능한가요?,4
신청기간을 놓쳐서 신청하지 못하였습니다. 추가 수강신청이 가능한가여?,4
수강신청 기한이 걸려있어서 현재 못듣는 상태입니다. 미처 수강신청을 하지 못하였는데 수강신청 기간연장 부탁 드려도될까요?,4
사전신청 수강기한을 놓쳐서 신청하지 못하였습니다. 추가 신청이 가능한가요?,4
mooc을 수강신청하지 못하였습니다. 추가신청이 가능한가요?,4
mooc 사전학습을 미처 수강신청하지 못하였습니다. 추가신청이 가능한가요?,4
mooc 사전학습을 미처 수강신청하지 못하였습니다. 추가신청이 가능할까요?,4
mooc을 꼭 수강하여야 하나요?,4
mooc을 미처 신청하지 못하였습니다. 신청하지 못하면 불이익이 있나요?,4
사전학습을 신청하지 못하였습니다. 혹시 신청 못하면 불이익이 있나요?,4
사전신청을 수강신청하지 못하였는데 혹시 신청 못하면 불이익이 있나요?,4
사전학습을 수강신청 못했는 데 혹시 신청 못하면 불이익이 있나요?,4
사전학습 수강신청 못하였는 데 혹시 신청 못하면 불이익이 있나요?,4
사전학습 수강신청을 못 하였습니다. 혹시 신청 못하면 불이익이 있나요?,4
사전학습을 수강신청 하지 못하였습니다. 혹시 선발되는 데 불이익이 있나요?,4
사전학습을 수강신청 하지 못하였습니다. 혹시 선발되는 데 불이익이 있을까요?,4
사전학습을 수강신청하지 못하였는데요 혹시 선발에 불이익이 있을까요?,4
사전학습 수강신청 못하였는데요 교육생 선발에 불이익이 있을까요?,4
mooc 수강신청을 못하였습니다. 선발에 혹시 지장이 있을까요?,4
mooc 수강신청을 미처 하지 못하였습니다. 선발에 지장이 될까요?,4
mooc 수강신청을 못했는데요 혹시 선발되는데 지장될까요?,4
mooc 수강신청을 놓쳐서 신청 못했습니다. 추가 신청이 가능할까요?,4
mooc 수강신청을 놓쳐서 신청 못했습니다. 추가 신청이 가능할 지 여쭤 볼 수 있을까요?,4
mooc 강의 꼭 수강해야 하나요?,4
사전학습 강의 못들으면 선발 안되나요?,4
사전학습 강의 수강 꼭 해야하나요?,4
사전 학습을 신청하지 못하였습니다. 혹시 신청 못하면 불이익이 있나요?,4
사전 신청을 수강 신청하지 못하였는데 혹시 신청 못하면 불이익이 있나요?,4
사전 학습을 수강 신청 못했는 데 혹시 신청 못하면 불이익이 있나요?,4
사전 학습 수강 신청 못하였는 데 혹시 신청 못하면 불이익이 있나요? ,4
사전 학습 수강 신청을 못 하였습니다. 혹시 신청 못하면 불이익이 있나요?,4
사전 학습을 수강 신청 하지 못하였습니다. 혹시 선발되는 데 불이익이 있나요?,4
사전 학습을 수강 신청 하지 못하였습니다. 혹시 선발되는 데 불이익이 있을까요?,4
사전 학습을 수강 신청하지 못하였는데요 혹시 선발에 불이익이 있을까요?,4
사전 학습 수강 신청 못하였는데요 교육생 선발에 불이익이 있을까요?,4
mooc 수강 신청을 못하였습니다. 선발에 혹시 지장이 있을까요?,4
mooc 수강 신청을 미처 하지 못하였습니다. 선발에 지장이 될까요?,4
mooc 수강 신청을 못했는데요 혹시 선발되는데 지장될까요?,4
mooc 수강 신청을 놓쳐서 신청 못했습니다. 추가 신청이 가능할까요?,4
mooc 수강 신청을 놓쳐서 신청 못했습니다. 추가 신청이 가능할 지 여쭤 볼 수 있을까요?,4
mooc 강의 꼭 수강해야 하나요?,4
사전 학습 강의 못 들으면 선발 안되나요?,4
사전 학습 강의 수강 꼭 해야하나요?,4
추가 강의 수강 신청,4
mooc 추가 수강 신청,4
mooc 추가 강의 수강 신청,4
mooc 추가 강의 신청,4
사전학습 추가 수강 신청,4
스마트런 추가 수강 신청,4
mooc 추가 수강신청,4
mooc 추가 강의수강신청,4
mooc 추가 강의 수강신청,4
사전학습 강의 추가 신청,4
사전학습 강의 추가신청,4
사전학습 강의 신청 연장,4
mooc 강의 신청 연장,4
mooc 강의 수강신청 연장,4
사전학습 강의 수강신청 연장,4
사전학습 강의 추가 신청기간,4
사전학습 강의 신청기간 연장,4
사전 학습 강의 추가신청 기간,4
mooc 강의 신청기간 연장,4
mooc 강의 추가신청 기간,4
mooc 강의 수강신청기간 연장,4
mooc 추가 신청기간,4
mooc 신청연장,4
사전학습 필수?,4
사전학습 강의 수강 필수인가요?,4
사전학습 강의 수강하는 것은 필수인가요?,4
사전학습 강의 수강하는 건 필수인가요?,4
사전학습 강의 수강은 필수인가요?,4
꼭 사전학습 강의를 수강해야 하나요?,4
꼭 mooc 강의를 수강해야 하나요?,4
mooc 강의 수강 필수인가요?,4
mooc 강의 수강하는 건 필수인가요?,4
mooc 강의 수강하는 것은 필수인가요?,4
mooc 강의 수료증이 없으면 불이익이 있을까요?,4
사전학습 강의 수료증이 없으면 불이익이 있을까요?,4
mooc 강의 안 들으면 신청 못하는 건가요?,4
mooc 강의 안 들으면 신청할 수 없나요?,4
mooc 강의 수강 신청 안 했으면 불이익 있나요?,4
mooc 강의 수강 신청 안 했으면 선발 안되나요?,4
사전학습 강의 안 들으면 신청 못하나요?,4
사전학습 강의 안 들으면 신청 못하는 건가요?,4
사전학습 강의 수료증 없으면 신청 못하나요?,4
사전학습 강의 수료증 없으면 신청 못하는 건가요?,4
사전학습 강의 수료증 없으면 선발 불가능한가요?,4
사전학습 강의 안들으면 신청 불가능하나요?,4
사전학습 강의 안들으면 신청 불가능한가요?,4
사전학습 강의를 미처 수강하지 못하였습니다. 혹시 별도로 신청이 가능할까요?,4
사전학습 강의를 미처 수강하지 못하였습니다. 혹시 별도로 수강신청이 가능할까요?,4
사전학습 강의를 미처 수강하지 못하였습니다. 혹시 별도로 수강신청 가능할까요?,4
사전학습 강의를 수강 못하였습니다. 혹시 추가 신청이 가능할까요?,4
smart learn 강의 안들으면 아카데미 지원이 불가능한가요?,4
smart learn 강의 안들으면 아카데미 지원이 어렵나요?,4
smart learn 강의를 신청하지 못하였습니다. 혹시 별도로 수강신청이 가능할까요?,4
smart learn 강의를 수강신청을 못하였는데요. 혹시 별도로 수강신청이 가능할까요?,4
smart learn 강의를 수강신청을 못하였는데 혹시 별도로 수강신청이 가능할까요?,4
smart learn 강의 수강신청 못하면 아카데미 지원 못하나요?,4
smart learn 강의 수강신청 못했으면 아카데미 지원 못하나요?,4
smart learn 강의 수강신청 필수인가요?,4
smart learn 강의 수강신청 꼭 들어야 하나요?,4
smart learn 강의 수강신청 연장,4
smart learn 강의 신청연장,4
사전학습 미수강 불이익,4
smart learn 미수강 불이익,4
필수적으로 사전학습을 해야하나요,4